[
{
    "model": "auth.user",
    "pk": 1,
    "fields": {
        "password": "pbkdf2_sha256$1200000$4xa429BYQLOY6HSwNbObwA$19ihS+yR99edT8c86KFtrgmjPTpvRsnydk0+glCzlNs=",
        "last_login": "2026-01-04T04:17:02.593Z",
        "is_superuser": true,
        "username": "obc",
        "first_name": "",
        "last_name": "",
        "email": "obravoc2000@alumno.ipn.mx",
        "is_staff": true,
        "is_active": true,
        "date_joined": "2026-01-04T04:12:00.879Z",
        "groups": [],
        "user_permissions": []
    }
},
{
    "model": "auth.user",
    "pk": 14,
    "fields": {
        "password": "pbkdf2_sha256$1200000$v5VZrXpcjfTKcrXmWi1HzP$+UssA5Nn8SrOrjvKteQAe6nyvk0f3Zz85qStyjzlHOE=",
        "last_login": null,
        "is_superuser": false,
        "username": "test",
        "first_name": "",
        "last_name": "",
        "email": "test@gmail.com",
        "is_staff": false,
        "is_active": true,
        "date_joined": "2026-01-05T03:52:37.836Z",
        "groups": [],
        "user_permissions": []
    }
},
{
    "model": "api.organizacion",
    "pk": 1,
    "fields": {
        "nombre": "La Carrera Panamericana",
        "siglas": "LCP",
        "descripcion": "La Carrera Panamericana es el evento automovilístico tipo rally en carretera más importante de México y uno de los más emblemáticos a nivel mundial. Esta competencia anual recorre una extensa ruta a través de la geografía nacional, reuniendo a pilotos internacionales y vehículos clásicos en una exigente prueba de velocidad y resistencia. Más que una carrera, representa una tradición histórica que celebra la pasión por el motor y proyecta la riqueza cultural y turística del país ante una audiencia global.",
        "logo_url": "https://lacarrerapanamericana.com.mx/wp-content/uploads/2025/06/LCP-2024-BCO-SF-768x217.png",
        "web_oficial": "https://lacarrerapanamericana.com.mx/",
        "facebook": null,
        "instagram": null,
        "twitter": null,
        "youtube": null
    }
},
{
    "model": "api.organizacion",
    "pk": 2,
    "fields": {
        "nombre": "Federation Internationale de l'Automobile",
        "siglas": "FIA",
        "descripcion": "La Federación Internacional del Automóvil es la organización global sin fines de lucro que actúa como el máximo órgano rector del automovilismo mundial y la movilidad. Establecida para regular, promover y garantizar la seguridad en el deporte motor, supervisa los campeonatos más prestigiosos del planeta, como la Fórmula 1 y el Campeonato Mundial de Rally. Además de su rol deportivo, lidera iniciativas internacionales enfocadas en la seguridad vial, la sostenibilidad ambiental y la defensa de los derechos de los automovilistas en todo el mundo.",
        "logo_url": "https://www.fia.com/sites/all/themes/penceo_theme/images/fia-footer-logo.png",
        "web_oficial": "https://www.fia.com/",
        "facebook": null,
        "instagram": null,
        "twitter": null,
        "youtube": null
    }
},
{
    "model": "api.organizacion",
    "pk": 3,
    "fields": {
        "nombre": "Gran Turismo Challenge",
        "siglas": "GT Challenge",
        "descripcion": "El GT Challenge de las Américas es el campeonato de automovilismo de circuito más importante y espectacular de la región centroamericana y del Caribe. Este serial reúne a pilotos de alto nivel y vehículos superdeportivos de marcas prestigiosas —como Ferrari, Porsche y Audi— en una competencia de velocidad pura que recorre los autódromos más destacados de países como Panamá, República Dominicana, El Salvador, Guatemala y Costa Rica. Se caracteriza por su atmósfera de adrenalina, tecnología de punta y un formato que mezcla la rivalidad deportiva con el exhibicionismo de autos de gran turismo.",
        "logo_url": "https://img1.wsimg.com/isteam/ip/8b5dc2eb-d916-4822-8b85-fbe4140df1d4/GT%20Challenge%20Blanco.png/:/rs=w:667,h:192,cg:true,m/cr=w:667,h:192/qt=q:95",
        "web_oficial": "https://gtchallenge.org/",
        "facebook": "https://www.facebook.com/gtchallengedelasamericas",
        "instagram": "https://www.instagram.com/gtchallengedelasamericas?igsh=d2szZDZpbGs1dWRt",
        "twitter": null,
        "youtube": null
    }
},
{
    "model": "api.organizacion",
    "pk": 4,
    "fields": {
        "nombre": "NASCAR Mexico Series",
        "siglas": "NASCAR MX",
        "descripcion": "NASCAR México Series es el campeonato de automovilismo tipo stock car más importante de América Latina y la principal división internacional de NASCAR fuera de Estados Unidos. Este serial se distingue por su espectacularidad y alto nivel de competencia, presentando una parrilla nutrida de vehículos V8 que disputan carreras llenas de contacto y adrenalina en los autódromos y óvalos más destacados del país. Funciona como una plataforma clave para el desarrollo de talento, proyectando a pilotos mexicanos hacia las grandes ligas del automovilismo mundial, todo bajo un ambiente familiar y de entretenimiento masivo.",
        "logo_url": "https://www.nascar.mx/wp-content/uploads/sites/41/2024/11/07/logo2025-NASCAR-Mexico-Series.png",
        "web_oficial": "https://www.nascar.mx/",
        "facebook": null,
        "instagram": null,
        "twitter": null,
        "youtube": null
    }
},
{
    "model": "api.organizacion",
    "pk": 5,
    "fields": {
        "nombre": "Mexico Racing Cup",
        "siglas": "Copa NotiAuto",
        "descripcion": "La Copa Notiauto es el campeonato de autos turismo más importante y concurrido de México, reconocido como el principal semillero de talentos del automovilismo nacional. Este serial se distingue por su formato multi-categoría, reuniendo en un mismo fin de semana parrillas masivas de más de 100 vehículos que compiten en el Autódromo Hermanos Rodríguez y otras pistas clave del país. Su enfoque combina la accesibilidad para pilotos amateurs con el rigor profesional, creando un espectáculo dinámico donde la destreza al volante prevalece sobre la potencia bruta, sirviendo de plataforma de ascenso para futuras estrellas internacionales.",
        "logo_url": "https://duncanwebmin.notiauto.com/repository/sitios/logo/2.png?nc=1756830360",
        "web_oficial": "https://mexicoracingcup.com/",
        "facebook": "https://www.facebook.com/mexicoracingcup/",
        "instagram": "https://www.instagram.com/mexicoracingcup/",
        "twitter": "https://x.com/mexicoracingcup",
        "youtube": "https://www.youtube.com/user/notiautoracing"
    }
},
{
    "model": "api.categoria",
    "pk": 1,
    "fields": {
        "organizacion": 3,
        "nombre": "GTS FIA GT3",
        "descripcion": "Es la categoría reina del campeonato, conformada por superdeportivos de marcas de lujo (como Ferrari, Porsche o Audi) con homologación internacional. Representa la máxima expresión tecnológica y de velocidad en pista, ofreciendo el nivel de competencia más sofisticado y veloz del serial.",
        "activa": true,
        "foto_url": "https://img1.wsimg.com/isteam/ip/8b5dc2eb-d916-4822-8b85-fbe4140df1d4/Screenshot%202025-03-15%20at%2010.22.03%E2%80%AFAM.png/:/cr=t:4.35%25,l:0%25,w:100%25,h:91.3%25/rs=w:776,h:388,cg:true",
        "video_url": "https://www.youtube.com/watch?v=8njrl9v5vxo",
        "calendario_url": "https://gtchallenge.org/calendario",
        "web_oficial": "https://gtchallenge.org/inicio",
        "facebook": "https://www.facebook.com/gtchallengedelasamericas",
        "instagram": "https://www.instagram.com/gtchallengedelasamericas?igsh=d2szZDZpbGs1dWRt",
        "twitter": null,
        "youtube": null
    }
},
{
    "model": "api.categoria",
    "pk": 2,
    "fields": {
        "organizacion": 3,
        "nombre": "GTS LIGHT",
        "descripcion": "Es la división de desarrollo o acceso, destinada a vehículos de gran turismo con prestaciones más moderadas que la clase mayor. Funciona como una plataforma competitiva de transición, permitiendo a equipos y pilotos demostrar su talento y ganar experiencia antes de ascender a la categoría estelar.",
        "activa": true,
        "foto_url": "https://img1.wsimg.com/isteam/ip/8b5dc2eb-d916-4822-8b85-fbe4140df1d4/Screenshot%202025-03-15%20at%2010.17.36%E2%80%AFAM.png/:/cr=t:0%25,l:0.82%25,w:98.36%25,h:100%25/rs=w:776,h:388,cg:true",
        "video_url": "https://www.youtube.com/watch?v=bbhQMuTtD1s&pp=ygUZSFVSQUNBTiBTVVBFUiBUUk9GRU8gUkFDRQ%3D%3D",
        "calendario_url": "https://gtchallenge.org/calendario",
        "web_oficial": null,
        "facebook": null,
        "instagram": null,
        "twitter": null,
        "youtube": null
    }
},
{
    "model": "api.categoria",
    "pk": 3,
    "fields": {
        "organizacion": 3,
        "nombre": "SUPER V8",
        "descripcion": "Una categoría espectacular definida por la potencia bruta y el sonido inconfundible de sus motores de ocho cilindros. Se caracteriza por el uso de chasis tubulares y una mecánica robusta, donde el espectáculo recae en la habilidad del piloto para domar la fuerza del auto con menos ayudas electrónicas.",
        "activa": true,
        "foto_url": "https://img1.wsimg.com/isteam/ip/8b5dc2eb-d916-4822-8b85-fbe4140df1d4/Screenshot%202025-03-15%20at%2010.19.56%E2%80%AFAM.png/:/cr=t:1.38%25,l:0%25,w:100%25,h:97.25%25/rs=w:776,h:388,cg:true",
        "video_url": "https://www.youtube.com/watch?v=CEma6P3l4i8",
        "calendario_url": "https://gtchallenge.org/calendario",
        "web_oficial": null,
        "facebook": null,
        "instagram": null,
        "twitter": null,
        "youtube": null
    }
},
{
    "model": "api.categoria",
    "pk": 4,
    "fields": {
        "organizacion": 5,
        "nombre": "TCR México",
        "descripcion": "Turismos de especificación internacional (FIA); los autos de tracción delantera más tecnológicos y rápidos del país.",
        "activa": true,
        "foto_url": "https://duncanwebmin.notiauto.com/repository/sitios/innerpicstmp/tinyimg1716857600759733881.jpg?nc=1716857603",
        "video_url": "https://www.youtube.com/watch?v=ILaiCYu36TE",
        "calendario_url": "https://tcrmexico.com/calendario",
        "web_oficial": "https://tcrmexico.com/",
        "facebook": null,
        "instagram": "https://www.instagram.com/tcrmexico/?hl=es",
        "twitter": null,
        "youtube": null
    }
},
{
    "model": "api.categoria",
    "pk": 5,
    "fields": {
        "organizacion": 5,
        "nombre": "F4 NACAM",
        "descripcion": "Monoplazas de última generación; el semillero principal para pilotos que buscan llegar a la Fórmula 1.",
        "activa": true,
        "foto_url": "https://enfoquenoticias.com.mx/wp-content/uploads/2023/05/nacam.jpg",
        "video_url": "https://www.youtube.com/watch?v=1e-_oJs_EYA",
        "calendario_url": "https://f4nacam.com/calendario",
        "web_oficial": "https://f4nacam.com/",
        "facebook": "https://www.facebook.com/formula4nacam",
        "instagram": "https://www.instagram.com/formula4_nacam/",
        "twitter": "https://twitter.com/formula4_nacam",
        "youtube": "https://www.youtube.com/watch?v=XCUTTKwPhQs&list=PLTtx7gsW4R6_Hg6i9I5yZ7X3dokAAj7ph"
    }
},
{
    "model": "api.categoria",
    "pk": 6,
    "fields": {
        "organizacion": 5,
        "nombre": "Copa TC2000",
        "descripcion": "La categoría más icónica y competitiva; autos sedán con motores 2.0L altamente modificados y parrillas muy numerosas.",
        "activa": true,
        "foto_url": "https://www.mundomotor.mx/wp-content/uploads/2019/01/copa_notiauto.jpg",
        "video_url": "https://www.youtube.com/watch?v=qgWpA7yYB5s",
        "calendario_url": "https://mexicoracingcup.com/calendario",
        "web_oficial": "https://mexicoracingcup.com/calendario",
        "facebook": null,
        "instagram": null,
        "twitter": null,
        "youtube": null
    }
},
{
    "model": "api.categoria",
    "pk": 11,
    "fields": {
        "organizacion": 5,
        "nombre": "Vintage Pro Series",
        "descripcion": "Autos clásicos deportivos preparados para competencia, combinando nostalgia con altas velocidades.",
        "activa": true,
        "foto_url": "https://pbs.twimg.com/media/FAOks_IVEAMaiT0.jpg",
        "video_url": "https://www.youtube.com/watch?v=Rrr7lhoOuTY",
        "calendario_url": null,
        "web_oficial": null,
        "facebook": null,
        "instagram": null,
        "twitter": null,
        "youtube": null
    }
},
{
    "model": "api.categoria",
    "pk": 12,
    "fields": {
        "organizacion": 5,
        "nombre": "Fórmula Ford Vintage",
        "descripcion": "Monoplazas históricos de llantas descubiertas; una exhibición de la época de oro del automovilismo.",
        "activa": true,
        "foto_url": "https://www.rtv.org.mx/masnoticias/wp-content/uploads/sites/13/2024/08/Oscar-Hidalgo.jpg",
        "video_url": null,
        "calendario_url": "https://mexicoracingcup.com/32-frmula-ford-vintage",
        "web_oficial": null,
        "facebook": "https://www.facebook.com/groups/302015938362489/?locale=es_LA",
        "instagram": null,
        "twitter": null,
        "youtube": null
    }
},
{
    "model": "api.video",
    "pk": 2,
    "fields": {
        "titulo": "On Board",
        "url_youtube": "https://www.youtube.com/watch?v=Zp7qikwPbk4",
        "categoria": 1,
        "fecha_publicacion": "2026-01-05T02:30:39.962Z"
    }
},
{
    "model": "api.equipo",
    "pk": 1,
    "fields": {
        "nombre": "PRO RALLY - MOTHERS",
        "logo_url": "https://www.facebook.com/prorallymothers/?locale=es_LA",
        "web_oficial": "https://mothersmexico.com/",
        "twitter": null,
        "instagram": null,
        "facebook": null,
        "categoria": 4
    }
},
{
    "model": "api.equipo",
    "pk": 2,
    "fields": {
        "nombre": "GIADA RACING",
        "logo_url": null,
        "web_oficial": null,
        "twitter": null,
        "instagram": null,
        "facebook": null,
        "categoria": 4
    }
},
{
    "model": "api.equipo",
    "pk": 3,
    "fields": {
        "nombre": "MAMALONA",
        "logo_url": null,
        "web_oficial": null,
        "twitter": null,
        "instagram": null,
        "facebook": null,
        "categoria": 4
    }
},
{
    "model": "api.equipo",
    "pk": 4,
    "fields": {
        "nombre": "ART MOTORSPORTS",
        "logo_url": "https://www.facebook.com/p/ART-Motorsport-61550879333843/",
        "web_oficial": null,
        "twitter": null,
        "instagram": null,
        "facebook": null,
        "categoria": 4
    }
},
{
    "model": "api.equipo",
    "pk": 5,
    "fields": {
        "nombre": "PERALTA RACING TEAM",
        "logo_url": "https://www.facebook.com/peraltaracingteammx/?locale=es_LA",
        "web_oficial": "https://peraltaracingteam.com/",
        "twitter": null,
        "instagram": null,
        "facebook": null,
        "categoria": 4
    }
},
{
    "model": "api.equipo",
    "pk": 6,
    "fields": {
        "nombre": "RE MOTORSPORTS",
        "logo_url": "https://www.facebook.com/remotorsport.team/",
        "web_oficial": null,
        "twitter": null,
        "instagram": null,
        "facebook": null,
        "categoria": 4
    }
},
{
    "model": "api.equipo",
    "pk": 7,
    "fields": {
        "nombre": "GATOPARDO RACING",
        "logo_url": null,
        "web_oficial": null,
        "twitter": null,
        "instagram": null,
        "facebook": null,
        "categoria": 4
    }
},
{
    "model": "api.equipo",
    "pk": 8,
    "fields": {
        "nombre": "DRAKO RACING",
        "logo_url": null,
        "web_oficial": null,
        "twitter": null,
        "instagram": null,
        "facebook": null,
        "categoria": 4
    }
},
{
    "model": "api.equipo",
    "pk": 9,
    "fields": {
        "nombre": "OREA-ROSS RACING",
        "logo_url": "https://www.facebook.com/OreaROSSRacing/",
        "web_oficial": "https://orearossracing.com/",
        "twitter": null,
        "instagram": null,
        "facebook": null,
        "categoria": 4
    }
},
{
    "model": "api.equipo",
    "pk": 10,
    "fields": {
        "nombre": "ZESATI RT",
        "logo_url": null,
        "web_oficial": null,
        "twitter": null,
        "instagram": null,
        "facebook": null,
        "categoria": 4
    }
},
{
    "model": "api.equipo",
    "pk": 11,
    "fields": {
        "nombre": "ORANGINO RT",
        "logo_url": null,
        "web_oficial": null,
        "twitter": null,
        "instagram": null,
        "facebook": null,
        "categoria": 4
    }
},
{
    "model": "api.equipo",
    "pk": 12,
    "fields": {
        "nombre": "Z MOTORS",
        "logo_url": null,
        "web_oficial": "https://zmotors.com.mx/",
        "twitter": "https://x.com/ZMOTORSDEMEXICO",
        "instagram": null,
        "facebook": null,
        "categoria": 4
    }
},
{
    "model": "api.equipo",
    "pk": 13,
    "fields": {
        "nombre": "SCHINKEL RACING",
        "logo_url": "https://www.facebook.com/schinkelclaus/",
        "web_oficial": null,
        "twitter": null,
        "instagram": null,
        "facebook": null,
        "categoria": 4
    }
},
{
    "model": "api.equipo",
    "pk": 14,
    "fields": {
        "nombre": "ACP",
        "logo_url": null,
        "web_oficial": null,
        "twitter": null,
        "instagram": null,
        "facebook": null,
        "categoria": 12
    }
},
{
    "model": "api.equipo",
    "pk": 15,
    "fields": {
        "nombre": "Rojas Racing",
        "logo_url": null,
        "web_oficial": null,
        "twitter": null,
        "instagram": null,
        "facebook": null,
        "categoria": 12
    }
},
{
    "model": "api.equipo",
    "pk": 16,
    "fields": {
        "nombre": "Carluc PFC",
        "logo_url": null,
        "web_oficial": null,
        "twitter": null,
        "instagram": null,
        "facebook": null,
        "categoria": 12
    }
},
{
    "model": "api.equipo",
    "pk": 17,
    "fields": {
        "nombre": "Porsche 911",
        "logo_url": null,
        "web_oficial": null,
        "twitter": null,
        "instagram": null,
        "facebook": null,
        "categoria": 11
    }
},
{
    "model": "api.equipo",
    "pk": 18,
    "fields": {
        "nombre": "Renault Alpine",
        "logo_url": null,
        "web_oficial": null,
        "twitter": null,
        "instagram": null,
        "facebook": null,
        "categoria": 11
    }
},
{
    "model": "api.equipo",
    "pk": 19,
    "fields": {
        "nombre": "Datsun 510",
        "logo_url": null,
        "web_oficial": null,
        "twitter": null,
        "instagram": null,
        "facebook": null,
        "categoria": 11
    }
},
{
    "model": "api.equipo",
    "pk": 20,
    "fields": {
        "nombre": "Mercedes Benz EVO GT 3",
        "logo_url": null,
        "web_oficial": null,
        "twitter": null,
        "instagram": null,
        "facebook": null,
        "categoria": 1
    }
},
{
    "model": "api.equipo",
    "pk": 21,
    "fields": {
        "nombre": "Audi R8 EVO",
        "logo_url": null,
        "web_oficial": null,
        "twitter": null,
        "instagram": null,
        "facebook": null,
        "categoria": 1
    }
},
{
    "model": "api.equipo",
    "pk": 22,
    "fields": {
        "nombre": "Lamborghini Huracan",
        "logo_url": null,
        "web_oficial": null,
        "twitter": null,
        "instagram": null,
        "facebook": null,
        "categoria": 1
    }
},
{
    "model": "api.equipo",
    "pk": 23,
    "fields": {
        "nombre": "Hyundai TCR",
        "logo_url": null,
        "web_oficial": null,
        "twitter": null,
        "instagram": null,
        "facebook": null,
        "categoria": 2
    }
},
{
    "model": "api.equipo",
    "pk": 24,
    "fields": {
        "nombre": "Porsche",
        "logo_url": null,
        "web_oficial": null,
        "twitter": null,
        "instagram": null,
        "facebook": null,
        "categoria": 2
    }
},
{
    "model": "api.equipo",
    "pk": 25,
    "fields": {
        "nombre": "BMW CTCC",
        "logo_url": null,
        "web_oficial": null,
        "twitter": null,
        "instagram": null,
        "facebook": null,
        "categoria": 2
    }
},
{
    "model": "api.equipo",
    "pk": 26,
    "fields": {
        "nombre": "CAMARO",
        "logo_url": null,
        "web_oficial": null,
        "twitter": null,
        "instagram": null,
        "facebook": null,
        "categoria": 3
    }
},
{
    "model": "api.equipo",
    "pk": 27,
    "fields": {
        "nombre": "MUSTANG",
        "logo_url": null,
        "web_oficial": null,
        "twitter": null,
        "instagram": null,
        "facebook": null,
        "categoria": 3
    }
},
{
    "model": "api.equipo",
    "pk": 28,
    "fields": {
        "nombre": "CHALLENGER",
        "logo_url": null,
        "web_oficial": null,
        "twitter": null,
        "instagram": null,
        "facebook": null,
        "categoria": 3
    }
},
{
    "model": "api.equipo",
    "pk": 29,
    "fields": {
        "nombre": "CORVETTE",
        "logo_url": null,
        "web_oficial": null,
        "twitter": null,
        "instagram": null,
        "facebook": null,
        "categoria": 3
    }
},
{
    "model": "api.equipo",
    "pk": 30,
    "fields": {
        "nombre": "SANTINEL RACING TEAM",
        "logo_url": null,
        "web_oficial": "https://www.santinelracing.com/",
        "twitter": null,
        "instagram": "https://www.instagram.com/santinelracing/",
        "facebook": "https://www.facebook.com/p/Santinel-Racing-Team-100095662416546/?locale=es_LA",
        "categoria": 5
    }
},
{
    "model": "api.equipo",
    "pk": 31,
    "fields": {
        "nombre": "RAM RACING MOTORSPORTS",
        "logo_url": null,
        "web_oficial": "https://ramracing.mx/",
        "twitter": null,
        "instagram": null,
        "facebook": null,
        "categoria": 5
    }
},
{
    "model": "api.equipo",
    "pk": 32,
    "fields": {
        "nombre": "ALESSANDROS RACING",
        "logo_url": null,
        "web_oficial": null,
        "twitter": null,
        "instagram": "https://www.instagram.com/alessandrosracing/",
        "facebook": "https://www.facebook.com/AlessandrosRacing/",
        "categoria": 5
    }
},
{
    "model": "api.equipo",
    "pk": 34,
    "fields": {
        "nombre": "Arrow Racing",
        "logo_url": null,
        "web_oficial": null,
        "twitter": null,
        "instagram": null,
        "facebook": null,
        "categoria": 6
    }
},
{
    "model": "api.equipo",
    "pk": 35,
    "fields": {
        "nombre": "Lopezpape Racing",
        "logo_url": null,
        "web_oficial": null,
        "twitter": null,
        "instagram": null,
        "facebook": null,
        "categoria": 6
    }
},
{
    "model": "api.equipo",
    "pk": 36,
    "fields": {
        "nombre": "Parrilla Danesa",
        "logo_url": null,
        "web_oficial": null,
        "twitter": null,
        "instagram": null,
        "facebook": null,
        "categoria": 6
    }
},
{
    "model": "api.piloto",
    "pk": 1,
    "fields": {
        "nombre": "Gerardo Rejón",
        "apodo": null,
        "nacionalidad": "INT",
        "foto_url": null,
        "instagram": null,
        "equipo": 1
    }
},
{
    "model": "api.piloto",
    "pk": 2,
    "fields": {
        "nombre": "Julio Rejón",
        "apodo": null,
        "nacionalidad": "INT",
        "foto_url": null,
        "instagram": null,
        "equipo": 1
    }
},
{
    "model": "api.piloto",
    "pk": 3,
    "fields": {
        "nombre": "Gerardo Rejón Jr.",
        "apodo": null,
        "nacionalidad": "INT",
        "foto_url": null,
        "instagram": null,
        "equipo": 1
    }
},
{
    "model": "api.piloto",
    "pk": 4,
    "fields": {
        "nombre": "Rodrigo Rejón",
        "apodo": null,
        "nacionalidad": "INT",
        "foto_url": null,
        "instagram": null,
        "equipo": 1
    }
},
{
    "model": "api.piloto",
    "pk": 5,
    "fields": {
        "nombre": "Horia Chirigut",
        "apodo": null,
        "nacionalidad": "INT",
        "foto_url": null,
        "instagram": null,
        "equipo": 2
    }
},
{
    "model": "api.piloto",
    "pk": 6,
    "fields": {
        "nombre": "Hugo Bonilla",
        "apodo": null,
        "nacionalidad": "INT",
        "foto_url": null,
        "instagram": null,
        "equipo": 2
    }
},
{
    "model": "api.piloto",
    "pk": 7,
    "fields": {
        "nombre": "Niels Langeved",
        "apodo": null,
        "nacionalidad": "INT",
        "foto_url": null,
        "instagram": null,
        "equipo": 2
    }
},
{
    "model": "api.piloto",
    "pk": 8,
    "fields": {
        "nombre": "Gabriel Pérez",
        "apodo": null,
        "nacionalidad": "INT",
        "foto_url": null,
        "instagram": null,
        "equipo": 3
    }
},
{
    "model": "api.piloto",
    "pk": 9,
    "fields": {
        "nombre": "Víctor Pérez Couto",
        "apodo": null,
        "nacionalidad": "INT",
        "foto_url": null,
        "instagram": null,
        "equipo": 3
    }
},
{
    "model": "api.piloto",
    "pk": 10,
    "fields": {
        "nombre": "Miguel Granados",
        "apodo": null,
        "nacionalidad": "INT",
        "foto_url": null,
        "instagram": null,
        "equipo": 3
    }
},
{
    "model": "api.piloto",
    "pk": 11,
    "fields": {
        "nombre": "Esteban Roche",
        "apodo": null,
        "nacionalidad": "INT",
        "foto_url": null,
        "instagram": null,
        "equipo": 4
    }
},
{
    "model": "api.piloto",
    "pk": 12,
    "fields": {
        "nombre": "Pedro Montero",
        "apodo": null,
        "nacionalidad": "INT",
        "foto_url": null,
        "instagram": null,
        "equipo": 4
    }
},
{
    "model": "api.piloto",
    "pk": 13,
    "fields": {
        "nombre": "Eugenio Acosta",
        "apodo": null,
        "nacionalidad": "INT",
        "foto_url": null,
        "instagram": null,
        "equipo": 4
    }
},
{
    "model": "api.piloto",
    "pk": 14,
    "fields": {
        "nombre": "Gerardo Garcia",
        "apodo": null,
        "nacionalidad": "INT",
        "foto_url": null,
        "instagram": null,
        "equipo": 4
    }
},
{
    "model": "api.piloto",
    "pk": 15,
    "fields": {
        "nombre": "Felipe Guelfi",
        "apodo": null,
        "nacionalidad": "INT",
        "foto_url": null,
        "instagram": null,
        "equipo": 5
    }
},
{
    "model": "api.piloto",
    "pk": 16,
    "fields": {
        "nombre": "Alejandro Pimentel",
        "apodo": null,
        "nacionalidad": "INT",
        "foto_url": null,
        "instagram": null,
        "equipo": 5
    }
},
{
    "model": "api.piloto",
    "pk": 17,
    "fields": {
        "nombre": "Juan Carlos Peralta",
        "apodo": null,
        "nacionalidad": "INT",
        "foto_url": null,
        "instagram": null,
        "equipo": 5
    }
},
{
    "model": "api.piloto",
    "pk": 18,
    "fields": {
        "nombre": "Gerardo Nieto",
        "apodo": null,
        "nacionalidad": "INT",
        "foto_url": null,
        "instagram": null,
        "equipo": 6
    }
},
{
    "model": "api.piloto",
    "pk": 19,
    "fields": {
        "nombre": "Pablo Pérez de Lara",
        "apodo": null,
        "nacionalidad": "INT",
        "foto_url": null,
        "instagram": null,
        "equipo": 6
    }
},
{
    "model": "api.piloto",
    "pk": 20,
    "fields": {
        "nombre": "Sergio Legoreta",
        "apodo": null,
        "nacionalidad": "INT",
        "foto_url": null,
        "instagram": null,
        "equipo": 7
    }
},
{
    "model": "api.piloto",
    "pk": 21,
    "fields": {
        "nombre": "Mario Domínguez",
        "apodo": null,
        "nacionalidad": "INT",
        "foto_url": null,
        "instagram": null,
        "equipo": 7
    }
},
{
    "model": "api.piloto",
    "pk": 22,
    "fields": {
        "nombre": "Oscar Uribe",
        "apodo": null,
        "nacionalidad": "INT",
        "foto_url": null,
        "instagram": null,
        "equipo": 8
    }
},
{
    "model": "api.piloto",
    "pk": 23,
    "fields": {
        "nombre": "Alexis Uribe",
        "apodo": null,
        "nacionalidad": "INT",
        "foto_url": null,
        "instagram": null,
        "equipo": 7
    }
},
{
    "model": "api.piloto",
    "pk": 24,
    "fields": {
        "nombre": "Oscar Uribe Jr.",
        "apodo": null,
        "nacionalidad": "INT",
        "foto_url": null,
        "instagram": null,
        "equipo": 8
    }
},
{
    "model": "api.piloto",
    "pk": 25,
    "fields": {
        "nombre": "Mauricio Uribe",
        "apodo": null,
        "nacionalidad": "INT",
        "foto_url": null,
        "instagram": null,
        "equipo": 8
    }
},
{
    "model": "api.piloto",
    "pk": 26,
    "fields": {
        "nombre": "Andrés Orea Jr.",
        "apodo": null,
        "nacionalidad": "INT",
        "foto_url": null,
        "instagram": null,
        "equipo": 9
    }
},
{
    "model": "api.piloto",
    "pk": 27,
    "fields": {
        "nombre": "Jerónimo Guzmán",
        "apodo": null,
        "nacionalidad": "INT",
        "foto_url": null,
        "instagram": null,
        "equipo": 8
    }
},
{
    "model": "api.piloto",
    "pk": 28,
    "fields": {
        "nombre": "Bruno Zesati",
        "apodo": null,
        "nacionalidad": "INT",
        "foto_url": null,
        "instagram": null,
        "equipo": 10
    }
},
{
    "model": "api.piloto",
    "pk": 29,
    "fields": {
        "nombre": "Carlo Zesati",
        "apodo": null,
        "nacionalidad": "INT",
        "foto_url": null,
        "instagram": null,
        "equipo": 10
    }
},
{
    "model": "api.piloto",
    "pk": 30,
    "fields": {
        "nombre": "César Jiménez",
        "apodo": null,
        "nacionalidad": "INT",
        "foto_url": null,
        "instagram": null,
        "equipo": 11
    }
},
{
    "model": "api.piloto",
    "pk": 31,
    "fields": {
        "nombre": "Rodrigo Orodoñez",
        "apodo": null,
        "nacionalidad": "INT",
        "foto_url": null,
        "instagram": null,
        "equipo": 11
    }
},
{
    "model": "api.piloto",
    "pk": 32,
    "fields": {
        "nombre": "Santos Zanella",
        "apodo": null,
        "nacionalidad": "INT",
        "foto_url": null,
        "instagram": null,
        "equipo": 12
    }
},
{
    "model": "api.piloto",
    "pk": 33,
    "fields": {
        "nombre": "Franco Zanella",
        "apodo": null,
        "nacionalidad": "INT",
        "foto_url": null,
        "instagram": null,
        "equipo": 12
    }
},
{
    "model": "api.piloto",
    "pk": 34,
    "fields": {
        "nombre": "Santos Zanella Jr.",
        "apodo": null,
        "nacionalidad": "INT",
        "foto_url": null,
        "instagram": null,
        "equipo": 12
    }
},
{
    "model": "api.piloto",
    "pk": 35,
    "fields": {
        "nombre": "Salvador de Alba",
        "apodo": null,
        "nacionalidad": "INT",
        "foto_url": null,
        "instagram": null,
        "equipo": 12
    }
},
{
    "model": "api.piloto",
    "pk": 36,
    "fields": {
        "nombre": "Javier Hernández",
        "apodo": null,
        "nacionalidad": "INT",
        "foto_url": null,
        "instagram": null,
        "equipo": 13
    }
},
{
    "model": "api.piloto",
    "pk": 37,
    "fields": {
        "nombre": "Claus Schinkel",
        "apodo": null,
        "nacionalidad": "INT",
        "foto_url": null,
        "instagram": null,
        "equipo": 13
    }
},
{
    "model": "api.piloto",
    "pk": 38,
    "fields": {
        "nombre": "Claus Schinkel Jr.",
        "apodo": null,
        "nacionalidad": "INT",
        "foto_url": null,
        "instagram": null,
        "equipo": 13
    }
},
{
    "model": "api.piloto",
    "pk": 39,
    "fields": {
        "nombre": "Erwin Richter",
        "apodo": null,
        "nacionalidad": "INT",
        "foto_url": null,
        "instagram": null,
        "equipo": 13
    }
},
{
    "model": "api.piloto",
    "pk": 40,
    "fields": {
        "nombre": "Felipe Guelfi",
        "apodo": null,
        "nacionalidad": "INT",
        "foto_url": null,
        "instagram": null,
        "equipo": 17
    }
},
{
    "model": "api.piloto",
    "pk": 41,
    "fields": {
        "nombre": "Germán Avina",
        "apodo": null,
        "nacionalidad": "INT",
        "foto_url": null,
        "instagram": null,
        "equipo": 17
    }
},
{
    "model": "api.piloto",
    "pk": 42,
    "fields": {
        "nombre": "Miguel Campero",
        "apodo": null,
        "nacionalidad": "INT",
        "foto_url": null,
        "instagram": null,
        "equipo": 17
    }
},
{
    "model": "api.piloto",
    "pk": 43,
    "fields": {
        "nombre": "Jerome Seignon",
        "apodo": null,
        "nacionalidad": "INT",
        "foto_url": null,
        "instagram": null,
        "equipo": 18
    }
},
{
    "model": "api.piloto",
    "pk": 44,
    "fields": {
        "nombre": "Bernardo Montaño",
        "apodo": null,
        "nacionalidad": "INT",
        "foto_url": null,
        "instagram": null,
        "equipo": 19
    }
},
{
    "model": "api.piloto",
    "pk": 45,
    "fields": {
        "nombre": "Jimmy Smithers Sr",
        "apodo": null,
        "nacionalidad": "INT",
        "foto_url": null,
        "instagram": null,
        "equipo": 19
    }
},
{
    "model": "api.piloto",
    "pk": 47,
    "fields": {
        "nombre": "Maximiliano Mora",
        "apodo": null,
        "nacionalidad": "MEX",
        "foto_url": null,
        "instagram": null,
        "equipo": 31
    }
},
{
    "model": "api.piloto",
    "pk": 48,
    "fields": {
        "nombre": "Horia Traian Chirigut",
        "apodo": null,
        "nacionalidad": "TUR",
        "foto_url": null,
        "instagram": null,
        "equipo": 30
    }
},
{
    "model": "api.piloto",
    "pk": 49,
    "fields": {
        "nombre": "Rodrigo Vazquez",
        "apodo": null,
        "nacionalidad": "MEX",
        "foto_url": null,
        "instagram": null,
        "equipo": 34
    }
},
{
    "model": "api.piloto",
    "pk": 50,
    "fields": {
        "nombre": "Carlos López",
        "apodo": null,
        "nacionalidad": "MEX",
        "foto_url": null,
        "instagram": null,
        "equipo": 34
    }
},
{
    "model": "api.piloto",
    "pk": 51,
    "fields": {
        "nombre": "Henrique Lemos",
        "apodo": null,
        "nacionalidad": "MEX",
        "foto_url": null,
        "instagram": null,
        "equipo": 34
    }
},
{
    "model": "api.piloto",
    "pk": 52,
    "fields": {
        "nombre": "E. Ferrer",
        "apodo": null,
        "nacionalidad": "INT",
        "foto_url": null,
        "instagram": null,
        "equipo": 35
    }
},
{
    "model": "api.piloto",
    "pk": 53,
    "fields": {
        "nombre": "J. Forcelledo",
        "apodo": null,
        "nacionalidad": "INT",
        "foto_url": null,
        "instagram": null,
        "equipo": 35
    }
},
{
    "model": "api.piloto",
    "pk": 54,
    "fields": {
        "nombre": "Jorge Hagstotz",
        "apodo": null,
        "nacionalidad": "INT",
        "foto_url": null,
        "instagram": null,
        "equipo": 36
    }
},
{
    "model": "api.noticia",
    "pk": 1,
    "fields": {
        "titulo": "El rugir del Gen 2: F4 NACAM se prepara para un 2026 de proyección internacional",
        "resumen": "La temporada 2026 de la F4 NACAM inicia marcada por la hegemonía de Alessandros Racing tras su histórico cierre en 2025, centrando su evolución en el pleno aprovechamiento del monoplaza Gen 2 Tatuus para proyectar pilotos hacia categorías internacionales. Con el arranque de los tests oficiales en enero y la primera fecha puntuable en marzo en Amozoc, el serial busca consolidar el talento de figuras como Fernando Luque y Helio Meza, manteniendo su estatus como el semillero más importante de Latinoamérica bajo los estándares técnicos de la FIA.",
        "contenido": "pendiente",
        "imagen_url": "https://duncanwebmin.notiauto.com/repository/sitios/innerpicstmp/tinyimg1729709060984545644.jpg?nc=1729709064",
        "fecha": "2026-01-04T08:31:52.931Z",
        "fecha_manual": null,
        "tipo": "NOTICIA",
        "link_resultado": null,
        "organizacion": 5,
        "categoria": 5,
        "equipo": null
    }
},
{
    "model": "api.noticia",
    "pk": 2,
    "fields": {
        "titulo": "México se consolida como el epicentro mundial del Turismo: TCR México abrirá la temporada del FIA World Tour 2026",
        "resumen": "La TCR México arranca el 2026 reafirmando su alianza con el FIA TCR World Tour para inaugurar la temporada mundial en abril en el Autódromo Hermanos Rodríguez, un evento que contará con un formato extendido de tres carreras y que servirá de vitrina para los talentos locales. Bajo el liderazgo de figuras como Juan Pablo Sierra y el empuje de equipos como Peralta Racing y VP Garage, el serial busca no solo el éxito en casa, sino concretar la formación de una estructura mexicana permanente en el circuito internacional, aprovechando la homologación técnica de los nuevos modelos CUPRA y Audi que dominan la parrilla actual.",
        "contenido": "pendiente",
        "imagen_url": "https://duncanwebmin.notiauto.com/repository/sitios/innerpicstmp/tinyimg1725584905803547757.jpg?nc=1725584907",
        "fecha": "2026-01-04T08:41:55.619Z",
        "fecha_manual": null,
        "tipo": "NOTICIA",
        "link_resultado": null,
        "organizacion": 5,
        "categoria": 4,
        "equipo": null
    }
},
{
    "model": "api.noticia",
    "pk": 3,
    "fields": {
        "titulo": "La Vintage Pro Series arranca el 2026 con parrilla récord y el reto del \"Gran Premio Histórico\"",
        "resumen": "La Vintage Pro Series inicia su temporada 2026 el 31 de enero en la Ciudad de México con una parrilla histórica de más de 25 vehículos, consolidándose como el serial clásico más importante del país dentro de la Copa Notiauto. Bajo el liderazgo del campeón defensor Óscar Hidalgo y con el Gran Premio Histórico como evento estelar del año, la categoría implementará nuevos ajustes técnicos de equilibrio para intensificar la competencia entre marcas legendarias como Porsche, BMW y Ford, combinando la nostalgia visual con un alto nivel de exigencia deportiva en pista.",
        "contenido": "pendiente",
        "imagen_url": "https://images.contentstack.io/v3/assets/blt75c85f063ac4ae63/bltdb76ef9572f802ff/65f8edd712c1ecdff90c122a/Porsche_911_Longnose_VARA_Patrick_Long_Chad_Plavan_EOSR9413.jpg",
        "fecha": "2026-01-04T08:43:15.528Z",
        "fecha_manual": null,
        "tipo": "NOTICIA",
        "link_resultado": null,
        "organizacion": 5,
        "categoria": 11,
        "equipo": null
    }
},
{
    "model": "api.noticia",
    "pk": 5,
    "fields": {
        "titulo": "RESULTADOS - TCR MEXICO",
        "resumen": "",
        "contenido": "",
        "imagen_url": "https://tcr-worldranking.com/images/news/2024/2024_TCR_photo_news_067.jpg",
        "fecha": "2026-01-04T21:09:14.902Z",
        "fecha_manual": null,
        "tipo": "RESULTADO",
        "link_resultado": "https://mexicoracingcup.com/32-tcr-mxico",
        "organizacion": 5,
        "categoria": 4,
        "equipo": null
    }
},
{
    "model": "api.noticia",
    "pk": 6,
    "fields": {
        "titulo": "RESULTADOS",
        "resumen": "",
        "contenido": "Resultados de la temporada para F4 NACAM",
        "imagen_url": "https://titansports.mx/wp-content/uploads/2024/11/Sin-titulo-1-62-1024x768.png",
        "fecha": "2026-01-05T02:32:13.530Z",
        "fecha_manual": null,
        "tipo": "RESULTADO",
        "link_resultado": "https://f4nacam.com/resultados",
        "organizacion": 5,
        "categoria": 5,
        "equipo": null
    }
},
{
    "model": "api.perfilusuario",
    "pk": 7,
    "fields": {
        "usuario": 1,
        "equipo_administrado": null,
        "suscripciones": []
    }
},
{
    "model": "api.perfilusuario",
    "pk": 15,
    "fields": {
        "usuario": 14,
        "equipo_administrado": 5,
        "suscripciones": [
            2
        ]
    }
}
]
